stage_order,stage_code,stage_label,formation,formation_slot,position,position_order,event_id,player_id,player_name,national_team_name,opponent_team_name,minutes_played,rating,goals,assists,xg,xa
1,GROUP_MD1,Grup 1. Maçları,3-4-3,G1,G,1,15186783,307436,Vozinha,Cabo Verde,Spain,90.0,9.7,0.0,0.0,0.0,0.0011323
1,GROUP_MD1,Grup 1. Maçları,3-4-3,D1,D,2,15186832,786133,Ramin Rezaeian,Iran,New Zealand,90.0,9.2,1.0,1.0,0.348,0.330897
1,GROUP_MD1,Grup 1. Maçları,3-4-3,D2,D,2,15186783,784677,Diney Borges,Cabo Verde,Spain,90.0,8.5,0.0,0.0,0.1276,0.00287336
1,GROUP_MD1,Grup 1. Maçları,3-4-3,D3,D,2,15186899,940871,Nico Schlotterbeck,Germany,Curaçao,90.0,8.4,1.0,0.0,0.3094,0.0378613
1,GROUP_MD1,Grup 1. Maçları,3-4-3,M1,M,3,15186832,905267,Elijah Just,New Zealand,Iran,90.0,9.0,2.0,0.0,0.3071,0.111325
1,GROUP_MD1,Grup 1. Maçları,3-4-3,M2,M,3,15186783,992587,Pedri,Spain,Cabo Verde,90.0,9.0,0.0,0.0,0.0986,1.23302
1,GROUP_MD1,Grup 1. Maçları,3-4-3,M3,M,3,15186720,889689,Hwang In-beom,South Korea,Czechia,84.0,8.8,1.0,1.0,0.3594,0.495255
1,GROUP_MD1,Grup 1. Maçları,3-4-3,M4,M,3,15186951,1036269,Yasin Ayari,Sweden,Tunisia,90.0,8.7,2.0,0.0,0.0684,0.117568
1,GROUP_MD1,Grup 1. Maçları,3-4-3,F1,F,4,15186854,12994,Lionel Messi,Argentina,Algeria,80.0,10.0,3.0,0.0,1.03,0.11
1,GROUP_MD1,Grup 1. Maçları,3-4-3,F2,F,4,15186873,934237,Folarin Balogun,USA,Paraguay,72.0,9.0,2.0,0.0,0.4688,0.0751069
1,GROUP_MD1,Grup 1. Maçları,3-4-3,F3,F,4,15186951,823941,Alexander Isak,Sweden,Tunisia,89.0,8.6,1.0,2.0,0.3197,0.035124
1,GROUP_MD1,Grup 1. Maçları,3-5-2,G1,G,1,15186783,307436,Vozinha,Cabo Verde,Spain,90.0,9.7,0.0,0.0,0.0,0.0011323
1,GROUP_MD1,Grup 1. Maçları,3-5-2,D1,D,2,15186832,786133,Ramin Rezaeian,Iran,New Zealand,90.0,9.2,1.0,1.0,0.348,0.330897
1,GROUP_MD1,Grup 1. Maçları,3-5-2,D2,D,2,15186783,784677,Diney Borges,Cabo Verde,Spain,90.0,8.5,0.0,0.0,0.1276,0.00287336
1,GROUP_MD1,Grup 1. Maçları,3-5-2,D3,D,2,15186899,940871,Nico Schlotterbeck,Germany,Curaçao,90.0,8.4,1.0,0.0,0.3094,0.0378613
1,GROUP_MD1,Grup 1. Maçları,3-5-2,M1,M,3,15186832,905267,Elijah Just,New Zealand,Iran,90.0,9.0,2.0,0.0,0.3071,0.111325
1,GROUP_MD1,Grup 1. Maçları,3-5-2,M2,M,3,15186783,992587,Pedri,Spain,Cabo Verde,90.0,9.0,0.0,0.0,0.0986,1.23302
1,GROUP_MD1,Grup 1. Maçları,3-5-2,M3,M,3,15186720,889689,Hwang In-beom,South Korea,Czechia,84.0,8.8,1.0,1.0,0.3594,0.495255
1,GROUP_MD1,Grup 1. Maçları,3-5-2,M4,M,3,15186951,1036269,Yasin Ayari,Sweden,Tunisia,90.0,8.7,2.0,0.0,0.0684,0.117568
1,GROUP_MD1,Grup 1. Maçları,3-5-2,M5,M,3,15186783,827606,Rodri,Spain,Cabo Verde,87.0,8.6,0.0,0.0,0.1098,0.436568
1,GROUP_MD1,Grup 1. Maçları,3-5-2,F1,F,4,15186854,12994,Lionel Messi,Argentina,Algeria,80.0,10.0,3.0,0.0,1.03,0.11
1,GROUP_MD1,Grup 1. Maçları,3-5-2,F2,F,4,15186873,934237,Folarin Balogun,USA,Paraguay,72.0,9.0,2.0,0.0,0.4688,0.0751069
1,GROUP_MD1,Grup 1. Maçları,4-2-3-1,G1,G,1,15186783,307436,Vozinha,Cabo Verde,Spain,90.0,9.7,0.0,0.0,0.0,0.0011323
1,GROUP_MD1,Grup 1. Maçları,4-2-3-1,D1,D,2,15186832,786133,Ramin Rezaeian,Iran,New Zealand,90.0,9.2,1.0,1.0,0.348,0.330897
1,GROUP_MD1,Grup 1. Maçları,4-2-3-1,D2,D,2,15186783,784677,Diney Borges,Cabo Verde,Spain,90.0,8.5,0.0,0.0,0.1276,0.00287336
1,GROUP_MD1,Grup 1. Maçları,4-2-3-1,D3,D,2,15186899,940871,Nico Schlotterbeck,Germany,Curaçao,90.0,8.4,1.0,0.0,0.3094,0.0378613
1,GROUP_MD1,Grup 1. Maçları,4-2-3-1,D4,D,2,15186783,149734,Aymeric Laporte,Spain,Cabo Verde,90.0,8.2,0.0,0.0,0.0748,0.130301
1,GROUP_MD1,Grup 1. Maçları,4-2-3-1,M1,M,3,15186832,905267,Elijah Just,New Zealand,Iran,90.0,9.0,2.0,0.0,0.3071,0.111325
1,GROUP_MD1,Grup 1. Maçları,4-2-3-1,M2,M,3,15186783,992587,Pedri,Spain,Cabo Verde,90.0,9.0,0.0,0.0,0.0986,1.23302
1,GROUP_MD1,Grup 1. Maçları,4-2-3-1,M3,M,3,15186720,889689,Hwang In-beom,South Korea,Czechia,84.0,8.8,1.0,1.0,0.3594,0.495255
1,GROUP_MD1,Grup 1. Maçları,4-2-3-1,M4,M,3,15186951,1036269,Yasin Ayari,Sweden,Tunisia,90.0,8.7,2.0,0.0,0.0684,0.117568
1,GROUP_MD1,Grup 1. Maçları,4-2-3-1,M5,M,3,15186783,827606,Rodri,Spain,Cabo Verde,87.0,8.6,0.0,0.0,0.1098,0.436568
1,GROUP_MD1,Grup 1. Maçları,4-2-3-1,F1,F,4,15186854,12994,Lionel Messi,Argentina,Algeria,80.0,10.0,3.0,0.0,1.03,0.11
1,GROUP_MD1,Grup 1. Maçları,4-3-3,G1,G,1,15186783,307436,Vozinha,Cabo Verde,Spain,90.0,9.7,0.0,0.0,0.0,0.0011323
1,GROUP_MD1,Grup 1. Maçları,4-3-3,D1,D,2,15186832,786133,Ramin Rezaeian,Iran,New Zealand,90.0,9.2,1.0,1.0,0.348,0.330897
1,GROUP_MD1,Grup 1. Maçları,4-3-3,D2,D,2,15186783,784677,Diney Borges,Cabo Verde,Spain,90.0,8.5,0.0,0.0,0.1276,0.00287336
1,GROUP_MD1,Grup 1. Maçları,4-3-3,D3,D,2,15186899,940871,Nico Schlotterbeck,Germany,Curaçao,90.0,8.4,1.0,0.0,0.3094,0.0378613
1,GROUP_MD1,Grup 1. Maçları,4-3-3,D4,D,2,15186783,149734,Aymeric Laporte,Spain,Cabo Verde,90.0,8.2,0.0,0.0,0.0748,0.130301
1,GROUP_MD1,Grup 1. Maçları,4-3-3,M1,M,3,15186832,905267,Elijah Just,New Zealand,Iran,90.0,9.0,2.0,0.0,0.3071,0.111325
1,GROUP_MD1,Grup 1. Maçları,4-3-3,M2,M,3,15186783,992587,Pedri,Spain,Cabo Verde,90.0,9.0,0.0,0.0,0.0986,1.23302
1,GROUP_MD1,Grup 1. Maçları,4-3-3,M3,M,3,15186720,889689,Hwang In-beom,South Korea,Czechia,84.0,8.8,1.0,1.0,0.3594,0.495255
1,GROUP_MD1,Grup 1. Maçları,4-3-3,F1,F,4,15186854,12994,Lionel Messi,Argentina,Algeria,80.0,10.0,3.0,0.0,1.03,0.11
1,GROUP_MD1,Grup 1. Maçları,4-3-3,F2,F,4,15186873,934237,Folarin Balogun,USA,Paraguay,72.0,9.0,2.0,0.0,0.4688,0.0751069
1,GROUP_MD1,Grup 1. Maçları,4-3-3,F3,F,4,15186951,823941,Alexander Isak,Sweden,Tunisia,89.0,8.6,1.0,2.0,0.3197,0.035124
1,GROUP_MD1,Grup 1. Maçları,4-4-2,G1,G,1,15186783,307436,Vozinha,Cabo Verde,Spain,90.0,9.7,0.0,0.0,0.0,0.0011323
1,GROUP_MD1,Grup 1. Maçları,4-4-2,D1,D,2,15186832,786133,Ramin Rezaeian,Iran,New Zealand,90.0,9.2,1.0,1.0,0.348,0.330897
1,GROUP_MD1,Grup 1. Maçları,4-4-2,D2,D,2,15186783,784677,Diney Borges,Cabo Verde,Spain,90.0,8.5,0.0,0.0,0.1276,0.00287336
1,GROUP_MD1,Grup 1. Maçları,4-4-2,D3,D,2,15186899,940871,Nico Schlotterbeck,Germany,Curaçao,90.0,8.4,1.0,0.0,0.3094,0.0378613
1,GROUP_MD1,Grup 1. Maçları,4-4-2,D4,D,2,15186783,149734,Aymeric Laporte,Spain,Cabo Verde,90.0,8.2,0.0,0.0,0.0748,0.130301
1,GROUP_MD1,Grup 1. Maçları,4-4-2,M1,M,3,15186832,905267,Elijah Just,New Zealand,Iran,90.0,9.0,2.0,0.0,0.3071,0.111325
1,GROUP_MD1,Grup 1. Maçları,4-4-2,M2,M,3,15186783,992587,Pedri,Spain,Cabo Verde,90.0,9.0,0.0,0.0,0.0986,1.23302
1,GROUP_MD1,Grup 1. Maçları,4-4-2,M3,M,3,15186720,889689,Hwang In-beom,South Korea,Czechia,84.0,8.8,1.0,1.0,0.3594,0.495255
1,GROUP_MD1,Grup 1. Maçları,4-4-2,M4,M,3,15186951,1036269,Yasin Ayari,Sweden,Tunisia,90.0,8.7,2.0,0.0,0.0684,0.117568
1,GROUP_MD1,Grup 1. Maçları,4-4-2,F1,F,4,15186854,12994,Lionel Messi,Argentina,Algeria,80.0,10.0,3.0,0.0,1.03,0.11
1,GROUP_MD1,Grup 1. Maçları,4-4-2,F2,F,4,15186873,934237,Folarin Balogun,USA,Paraguay,72.0,9.0,2.0,0.0,0.4688,0.0751069
1,GROUP_MD1,Grup 1. Maçları,4-5-1,G1,G,1,15186783,307436,Vozinha,Cabo Verde,Spain,90.0,9.7,0.0,0.0,0.0,0.0011323
1,GROUP_MD1,Grup 1. Maçları,4-5-1,D1,D,2,15186832,786133,Ramin Rezaeian,Iran,New Zealand,90.0,9.2,1.0,1.0,0.348,0.330897
1,GROUP_MD1,Grup 1. Maçları,4-5-1,D2,D,2,15186783,784677,Diney Borges,Cabo Verde,Spain,90.0,8.5,0.0,0.0,0.1276,0.00287336
1,GROUP_MD1,Grup 1. Maçları,4-5-1,D3,D,2,15186899,940871,Nico Schlotterbeck,Germany,Curaçao,90.0,8.4,1.0,0.0,0.3094,0.0378613
1,GROUP_MD1,Grup 1. Maçları,4-5-1,D4,D,2,15186783,149734,Aymeric Laporte,Spain,Cabo Verde,90.0,8.2,0.0,0.0,0.0748,0.130301
1,GROUP_MD1,Grup 1. Maçları,4-5-1,M1,M,3,15186832,905267,Elijah Just,New Zealand,Iran,90.0,9.0,2.0,0.0,0.3071,0.111325
1,GROUP_MD1,Grup 1. Maçları,4-5-1,M2,M,3,15186783,992587,Pedri,Spain,Cabo Verde,90.0,9.0,0.0,0.0,0.0986,1.23302
1,GROUP_MD1,Grup 1. Maçları,4-5-1,M3,M,3,15186720,889689,Hwang In-beom,South Korea,Czechia,84.0,8.8,1.0,1.0,0.3594,0.495255
1,GROUP_MD1,Grup 1. Maçları,4-5-1,M4,M,3,15186951,1036269,Yasin Ayari,Sweden,Tunisia,90.0,8.7,2.0,0.0,0.0684,0.117568
1,GROUP_MD1,Grup 1. Maçları,4-5-1,M5,M,3,15186783,827606,Rodri,Spain,Cabo Verde,87.0,8.6,0.0,0.0,0.1098,0.436568
1,GROUP_MD1,Grup 1. Maçları,4-5-1,F1,F,4,15186854,12994,Lionel Messi,Argentina,Algeria,80.0,10.0,3.0,0.0,1.03,0.11
1,GROUP_MD1,Grup 1. Maçları,5-3-2,G1,G,1,15186783,307436,Vozinha,Cabo Verde,Spain,90.0,9.7,0.0,0.0,0.0,0.0011323
1,GROUP_MD1,Grup 1. Maçları,5-3-2,D1,D,2,15186832,786133,Ramin Rezaeian,Iran,New Zealand,90.0,9.2,1.0,1.0,0.348,0.330897
1,GROUP_MD1,Grup 1. Maçları,5-3-2,D2,D,2,15186783,784677,Diney Borges,Cabo Verde,Spain,90.0,8.5,0.0,0.0,0.1276,0.00287336
1,GROUP_MD1,Grup 1. Maçları,5-3-2,D3,D,2,15186899,940871,Nico Schlotterbeck,Germany,Curaçao,90.0,8.4,1.0,0.0,0.3094,0.0378613
1,GROUP_MD1,Grup 1. Maçları,5-3-2,D4,D,2,15186783,149734,Aymeric Laporte,Spain,Cabo Verde,90.0,8.2,0.0,0.0,0.0748,0.130301
1,GROUP_MD1,Grup 1. Maçları,5-3-2,D5,D,2,15186836,831488,Nikola Katić,Bosnia & Herzegovina,Canada,90.0,8.1,0.0,0.0,0.0,0.00292007
1,GROUP_MD1,Grup 1. Maçları,5-3-2,M1,M,3,15186832,905267,Elijah Just,New Zealand,Iran,90.0,9.0,2.0,0.0,0.3071,0.111325
1,GROUP_MD1,Grup 1. Maçları,5-3-2,M2,M,3,15186783,992587,Pedri,Spain,Cabo Verde,90.0,9.0,0.0,0.0,0.0986,1.23302
1,GROUP_MD1,Grup 1. Maçları,5-3-2,M3,M,3,15186720,889689,Hwang In-beom,South Korea,Czechia,84.0,8.8,1.0,1.0,0.3594,0.495255
1,GROUP_MD1,Grup 1. Maçları,5-3-2,F1,F,4,15186854,12994,Lionel Messi,Argentina,Algeria,80.0,10.0,3.0,0.0,1.03,0.11
1,GROUP_MD1,Grup 1. Maçları,5-3-2,F2,F,4,15186873,934237,Folarin Balogun,USA,Paraguay,72.0,9.0,2.0,0.0,0.4688,0.0751069
2,GROUP_MD2,Grup 2. Maçları,3-4-3,G1,G,1,15186906,40859,Eloy Room,Curaçao,Ecuador,90.0,10.0,0.0,0.0,0.0,0.00104768
2,GROUP_MD2,Grup 2. Maçları,3-4-3,D1,D,2,15186858,989768,Nuno Mendes,Portugal,Uzbekistan,90.0,8.9,1.0,0.0,0.1681,0.352626
2,GROUP_MD2,Grup 2. Maçları,3-4-3,D2,D,2,15186957,759520,Denzel Dumfries,Netherlands,Sweden,90.0,8.8,0.0,2.0,0.0,0.417216
2,GROUP_MD2,Grup 2. Maçları,3-4-3,D3,D,2,15186798,829207,Richie Laryea,Canada,Qatar,90.0,8.8,0.0,0.0,0.0273,0.783665
2,GROUP_MD2,Grup 2. Maçları,3-4-3,M1,M,3,15186858,288205,Bruno Fernandes,Portugal,Uzbekistan,90.0,8.7,0.0,1.0,0.1203,0.478601
2,GROUP_MD2,Grup 2. Maçları,3-4-3,M2,M,3,15186769,818244,Ousmane Dembélé,France,Iraq,68.0,8.7,1.0,1.0,0.644,0.477185
2,GROUP_MD2,Grup 2. Maçları,3-4-3,M3,M,3,15186798,886223,Stephen Eustaquio,Canada,Qatar,90.0,8.6,0.0,0.0,0.0236,0.306317
2,GROUP_MD2,Grup 2. Maçları,3-4-3,M4,M,3,15186827,159665,Mohamed Salah,Egypt,New Zealand,85.0,8.6,1.0,1.0,0.5575,0.263478
2,GROUP_MD2,Grup 2. Maçları,3-4-3,F1,F,4,15186963,985823,Ayase Ueda,Japan,Tunisia,84.0,9.6,2.0,1.0,0.5374,0.345397
2,GROUP_MD2,Grup 2. Maçları,3-4-3,F2,F,4,15186957,862967,Cody Gakpo,Netherlands,Sweden,89.0,9.5,2.0,1.0,1.164,0.472945
2,GROUP_MD2,Grup 2. Maçları,3-4-3,F3,F,4,15186840,823622,Mikel Oyarzabal,Spain,Saudi Arabia,45.0,9.4,2.0,1.0,0.8012,0.420354
2,GROUP_MD2,Grup 2. Maçları,3-5-2,G1,G,1,15186906,40859,Eloy Room,Curaçao,Ecuador,90.0,10.0,0.0,0.0,0.0,0.00104768
2,GROUP_MD2,Grup 2. Maçları,3-5-2,D1,D,2,15186858,989768,Nuno Mendes,Portugal,Uzbekistan,90.0,8.9,1.0,0.0,0.1681,0.352626
2,GROUP_MD2,Grup 2. Maçları,3-5-2,D2,D,2,15186957,759520,Denzel Dumfries,Netherlands,Sweden,90.0,8.8,0.0,2.0,0.0,0.417216
2,GROUP_MD2,Grup 2. Maçları,3-5-2,D3,D,2,15186798,829207,Richie Laryea,Canada,Qatar,90.0,8.8,0.0,0.0,0.0273,0.783665
2,GROUP_MD2,Grup 2. Maçları,3-5-2,M1,M,3,15186858,288205,Bruno Fernandes,Portugal,Uzbekistan,90.0,8.7,0.0,1.0,0.1203,0.478601
2,GROUP_MD2,Grup 2. Maçları,3-5-2,M2,M,3,15186769,818244,Ousmane Dembélé,France,Iraq,68.0,8.7,1.0,1.0,0.644,0.477185
2,GROUP_MD2,Grup 2. Maçları,3-5-2,M3,M,3,15186798,886223,Stephen Eustaquio,Canada,Qatar,90.0,8.6,0.0,0.0,0.0236,0.306317
2,GROUP_MD2,Grup 2. Maçları,3-5-2,M4,M,3,15186827,159665,Mohamed Salah,Egypt,New Zealand,85.0,8.6,1.0,1.0,0.5575,0.263478
2,GROUP_MD2,Grup 2. Maçları,3-5-2,M5,M,3,15186798,1093229,Nathan-Dylan Saliba,Canada,Qatar,33.0,8.5,1.0,1.0,0.1423,0.178963
2,GROUP_MD2,Grup 2. Maçları,3-5-2,F1,F,4,15186963,985823,Ayase Ueda,Japan,Tunisia,84.0,9.6,2.0,1.0,0.5374,0.345397
2,GROUP_MD2,Grup 2. Maçları,3-5-2,F2,F,4,15186957,862967,Cody Gakpo,Netherlands,Sweden,89.0,9.5,2.0,1.0,1.164,0.472945
2,GROUP_MD2,Grup 2. Maçları,4-2-3-1,G1,G,1,15186906,40859,Eloy Room,Curaçao,Ecuador,90.0,10.0,0.0,0.0,0.0,0.00104768
2,GROUP_MD2,Grup 2. Maçları,4-2-3-1,D1,D,2,15186858,989768,Nuno Mendes,Portugal,Uzbekistan,90.0,8.9,1.0,0.0,0.1681,0.352626
2,GROUP_MD2,Grup 2. Maçları,4-2-3-1,D2,D,2,15186957,759520,Denzel Dumfries,Netherlands,Sweden,90.0,8.8,0.0,2.0,0.0,0.417216
2,GROUP_MD2,Grup 2. Maçları,4-2-3-1,D3,D,2,15186798,829207,Richie Laryea,Canada,Qatar,90.0,8.8,0.0,0.0,0.0273,0.783665
2,GROUP_MD2,Grup 2. Maçları,4-2-3-1,D4,D,2,15186798,984419,Alistair Johnston,Canada,Qatar,90.0,8.6,0.0,0.0,0.0541,1.28156
2,GROUP_MD2,Grup 2. Maçları,4-2-3-1,M1,M,3,15186858,288205,Bruno Fernandes,Portugal,Uzbekistan,90.0,8.7,0.0,1.0,0.1203,0.478601
2,GROUP_MD2,Grup 2. Maçları,4-2-3-1,M2,M,3,15186769,818244,Ousmane Dembélé,France,Iraq,68.0,8.7,1.0,1.0,0.644,0.477185
2,GROUP_MD2,Grup 2. Maçları,4-2-3-1,M3,M,3,15186798,886223,Stephen Eustaquio,Canada,Qatar,90.0,8.6,0.0,0.0,0.0236,0.306317
2,GROUP_MD2,Grup 2. Maçları,4-2-3-1,M4,M,3,15186827,159665,Mohamed Salah,Egypt,New Zealand,85.0,8.6,1.0,1.0,0.5575,0.263478
2,GROUP_MD2,Grup 2. Maçları,4-2-3-1,M5,M,3,15186798,1093229,Nathan-Dylan Saliba,Canada,Qatar,33.0,8.5,1.0,1.0,0.1423,0.178963
2,GROUP_MD2,Grup 2. Maçları,4-2-3-1,F1,F,4,15186963,985823,Ayase Ueda,Japan,Tunisia,84.0,9.6,2.0,1.0,0.5374,0.345397
2,GROUP_MD2,Grup 2. Maçları,4-3-3,G1,G,1,15186906,40859,Eloy Room,Curaçao,Ecuador,90.0,10.0,0.0,0.0,0.0,0.00104768
2,GROUP_MD2,Grup 2. Maçları,4-3-3,D1,D,2,15186858,989768,Nuno Mendes,Portugal,Uzbekistan,90.0,8.9,1.0,0.0,0.1681,0.352626
2,GROUP_MD2,Grup 2. Maçları,4-3-3,D2,D,2,15186957,759520,Denzel Dumfries,Netherlands,Sweden,90.0,8.8,0.0,2.0,0.0,0.417216
2,GROUP_MD2,Grup 2. Maçları,4-3-3,D3,D,2,15186798,829207,Richie Laryea,Canada,Qatar,90.0,8.8,0.0,0.0,0.0273,0.783665
2,GROUP_MD2,Grup 2. Maçları,4-3-3,D4,D,2,15186798,984419,Alistair Johnston,Canada,Qatar,90.0,8.6,0.0,0.0,0.0541,1.28156
2,GROUP_MD2,Grup 2. Maçları,4-3-3,M1,M,3,15186858,288205,Bruno Fernandes,Portugal,Uzbekistan,90.0,8.7,0.0,1.0,0.1203,0.478601
2,GROUP_MD2,Grup 2. Maçları,4-3-3,M2,M,3,15186769,818244,Ousmane Dembélé,France,Iraq,68.0,8.7,1.0,1.0,0.644,0.477185
2,GROUP_MD2,Grup 2. Maçları,4-3-3,M3,M,3,15186798,886223,Stephen Eustaquio,Canada,Qatar,90.0,8.6,0.0,0.0,0.0236,0.306317
2,GROUP_MD2,Grup 2. Maçları,4-3-3,F1,F,4,15186963,985823,Ayase Ueda,Japan,Tunisia,84.0,9.6,2.0,1.0,0.5374,0.345397
2,GROUP_MD2,Grup 2. Maçları,4-3-3,F2,F,4,15186957,862967,Cody Gakpo,Netherlands,Sweden,89.0,9.5,2.0,1.0,1.164,0.472945
2,GROUP_MD2,Grup 2. Maçları,4-3-3,F3,F,4,15186840,823622,Mikel Oyarzabal,Spain,Saudi Arabia,45.0,9.4,2.0,1.0,0.8012,0.420354
2,GROUP_MD2,Grup 2. Maçları,4-4-2,G1,G,1,15186906,40859,Eloy Room,Curaçao,Ecuador,90.0,10.0,0.0,0.0,0.0,0.00104768
2,GROUP_MD2,Grup 2. Maçları,4-4-2,D1,D,2,15186858,989768,Nuno Mendes,Portugal,Uzbekistan,90.0,8.9,1.0,0.0,0.1681,0.352626
2,GROUP_MD2,Grup 2. Maçları,4-4-2,D2,D,2,15186957,759520,Denzel Dumfries,Netherlands,Sweden,90.0,8.8,0.0,2.0,0.0,0.417216
2,GROUP_MD2,Grup 2. Maçları,4-4-2,D3,D,2,15186798,829207,Richie Laryea,Canada,Qatar,90.0,8.8,0.0,0.0,0.0273,0.783665
2,GROUP_MD2,Grup 2. Maçları,4-4-2,D4,D,2,15186798,984419,Alistair Johnston,Canada,Qatar,90.0,8.6,0.0,0.0,0.0541,1.28156
2,GROUP_MD2,Grup 2. Maçları,4-4-2,M1,M,3,15186858,288205,Bruno Fernandes,Portugal,Uzbekistan,90.0,8.7,0.0,1.0,0.1203,0.478601
2,GROUP_MD2,Grup 2. Maçları,4-4-2,M2,M,3,15186769,818244,Ousmane Dembélé,France,Iraq,68.0,8.7,1.0,1.0,0.644,0.477185
2,GROUP_MD2,Grup 2. Maçları,4-4-2,M3,M,3,15186798,886223,Stephen Eustaquio,Canada,Qatar,90.0,8.6,0.0,0.0,0.0236,0.306317
2,GROUP_MD2,Grup 2. Maçları,4-4-2,M4,M,3,15186827,159665,Mohamed Salah,Egypt,New Zealand,85.0,8.6,1.0,1.0,0.5575,0.263478
2,GROUP_MD2,Grup 2. Maçları,4-4-2,F1,F,4,15186963,985823,Ayase Ueda,Japan,Tunisia,84.0,9.6,2.0,1.0,0.5374,0.345397
2,GROUP_MD2,Grup 2. Maçları,4-4-2,F2,F,4,15186957,862967,Cody Gakpo,Netherlands,Sweden,89.0,9.5,2.0,1.0,1.164,0.472945
2,GROUP_MD2,Grup 2. Maçları,4-5-1,G1,G,1,15186906,40859,Eloy Room,Curaçao,Ecuador,90.0,10.0,0.0,0.0,0.0,0.00104768
2,GROUP_MD2,Grup 2. Maçları,4-5-1,D1,D,2,15186858,989768,Nuno Mendes,Portugal,Uzbekistan,90.0,8.9,1.0,0.0,0.1681,0.352626
2,GROUP_MD2,Grup 2. Maçları,4-5-1,D2,D,2,15186957,759520,Denzel Dumfries,Netherlands,Sweden,90.0,8.8,0.0,2.0,0.0,0.417216
2,GROUP_MD2,Grup 2. Maçları,4-5-1,D3,D,2,15186798,829207,Richie Laryea,Canada,Qatar,90.0,8.8,0.0,0.0,0.0273,0.783665
2,GROUP_MD2,Grup 2. Maçları,4-5-1,D4,D,2,15186798,984419,Alistair Johnston,Canada,Qatar,90.0,8.6,0.0,0.0,0.0541,1.28156
2,GROUP_MD2,Grup 2. Maçları,4-5-1,M1,M,3,15186858,288205,Bruno Fernandes,Portugal,Uzbekistan,90.0,8.7,0.0,1.0,0.1203,0.478601
2,GROUP_MD2,Grup 2. Maçları,4-5-1,M2,M,3,15186769,818244,Ousmane Dembélé,France,Iraq,68.0,8.7,1.0,1.0,0.644,0.477185
2,GROUP_MD2,Grup 2. Maçları,4-5-1,M3,M,3,15186798,886223,Stephen Eustaquio,Canada,Qatar,90.0,8.6,0.0,0.0,0.0236,0.306317
2,GROUP_MD2,Grup 2. Maçları,4-5-1,M4,M,3,15186827,159665,Mohamed Salah,Egypt,New Zealand,85.0,8.6,1.0,1.0,0.5575,0.263478
2,GROUP_MD2,Grup 2. Maçları,4-5-1,M5,M,3,15186798,1093229,Nathan-Dylan Saliba,Canada,Qatar,33.0,8.5,1.0,1.0,0.1423,0.178963
2,GROUP_MD2,Grup 2. Maçları,4-5-1,F1,F,4,15186963,985823,Ayase Ueda,Japan,Tunisia,84.0,9.6,2.0,1.0,0.5374,0.345397
2,GROUP_MD2,Grup 2. Maçları,5-3-2,G1,G,1,15186906,40859,Eloy Room,Curaçao,Ecuador,90.0,10.0,0.0,0.0,0.0,0.00104768
2,GROUP_MD2,Grup 2. Maçları,5-3-2,D1,D,2,15186858,989768,Nuno Mendes,Portugal,Uzbekistan,90.0,8.9,1.0,0.0,0.1681,0.352626
2,GROUP_MD2,Grup 2. Maçları,5-3-2,D2,D,2,15186957,759520,Denzel Dumfries,Netherlands,Sweden,90.0,8.8,0.0,2.0,0.0,0.417216
2,GROUP_MD2,Grup 2. Maçları,5-3-2,D3,D,2,15186798,829207,Richie Laryea,Canada,Qatar,90.0,8.8,0.0,0.0,0.0273,0.783665
2,GROUP_MD2,Grup 2. Maçları,5-3-2,D4,D,2,15186798,984419,Alistair Johnston,Canada,Qatar,90.0,8.6,0.0,0.0,0.0541,1.28156
2,GROUP_MD2,Grup 2. Maçları,5-3-2,D5,D,2,15186499,223340,Shoja Khalilzadeh,Iran,Belgium,90.0,8.4,0.0,0.0,0.0229,0.00499696
2,GROUP_MD2,Grup 2. Maçları,5-3-2,M1,M,3,15186858,288205,Bruno Fernandes,Portugal,Uzbekistan,90.0,8.7,0.0,1.0,0.1203,0.478601
2,GROUP_MD2,Grup 2. Maçları,5-3-2,M2,M,3,15186769,818244,Ousmane Dembélé,France,Iraq,68.0,8.7,1.0,1.0,0.644,0.477185
2,GROUP_MD2,Grup 2. Maçları,5-3-2,M3,M,3,15186798,886223,Stephen Eustaquio,Canada,Qatar,90.0,8.6,0.0,0.0,0.0236,0.306317
2,GROUP_MD2,Grup 2. Maçları,5-3-2,F1,F,4,15186963,985823,Ayase Ueda,Japan,Tunisia,84.0,9.6,2.0,1.0,0.5374,0.345397
2,GROUP_MD2,Grup 2. Maçları,5-3-2,F2,F,4,15186957,862967,Cody Gakpo,Netherlands,Sweden,89.0,9.5,2.0,1.0,1.164,0.472945
3,GROUP_MD3,Grup 3. Maçları,3-4-3,G1,G,1,15186821,556866,Gregor Kobel,Switzerland,Canada,90.0,8.9,0.0,0.0,0.0,0.0009527
3,GROUP_MD3,Grup 3. Maçları,3-4-3,D1,D,2,15186973,962012,Jan Paul van Hecke,Netherlands,Tunisia,90.0,9.1,1.0,0.0,0.122,0.216196
3,GROUP_MD3,Grup 3. Maçları,3-4-3,D2,D,2,15186861,869792,Gabriel Magalhães,Brazil,Scotland,90.0,8.1,0.0,0.0,0.0673,0.0206011
3,GROUP_MD3,Grup 3. Maçları,3-4-3,D3,D,2,15186732,1638685,Mateo Chávez,Mexico,Czechia,78.0,8.1,1.0,0.0,0.4262,0.0221911
3,GROUP_MD3,Grup 3. Maçları,3-4-3,M1,M,3,15186537,818244,Ousmane Dembélé,France,Norway,65.0,10.0,3.0,0.0,0.2915,0.0933236
3,GROUP_MD3,Grup 3. Maçları,3-4-3,M2,M,3,15186771,879694,Pape Gueye,Senegal,Iraq,33.0,9.9,2.0,1.0,0.3308,0.0847439
3,GROUP_MD3,Grup 3. Maçları,3-4-3,M3,M,3,15186676,991011,Jude Bellingham,England,Panama,71.0,9.3,1.0,1.0,0.1181,0.57002
3,GROUP_MD3,Grup 3. Maçları,3-4-3,M4,M,3,15186747,158213,Riyad Mahrez,Algeria,Austria,90.0,9.0,2.0,0.0,0.7523,0.0524448
3,GROUP_MD3,Grup 3. Maçları,3-4-3,F1,F,4,15186861,868812,Vinícius Júnior,Brazil,Scotland,90.0,9.3,2.0,0.0,3.0562,0.511597
3,GROUP_MD3,Grup 3. Maçları,3-4-3,F2,F,4,15186771,914309,Iliman Ndiaye,Senegal,Iraq,33.0,8.7,1.0,1.0,0.1158,0.170397
3,GROUP_MD3,Grup 3. Maçları,3-4-3,F3,F,4,15186887,1091116,Arda Güler,Türkiye,USA,90.0,8.6,1.0,0.0,0.6144,0.0798653
3,GROUP_MD3,Grup 3. Maçları,3-5-2,G1,G,1,15186821,556866,Gregor Kobel,Switzerland,Canada,90.0,8.9,0.0,0.0,0.0,0.0009527
3,GROUP_MD3,Grup 3. Maçları,3-5-2,D1,D,2,15186973,962012,Jan Paul van Hecke,Netherlands,Tunisia,90.0,9.1,1.0,0.0,0.122,0.216196
3,GROUP_MD3,Grup 3. Maçları,3-5-2,D2,D,2,15186861,869792,Gabriel Magalhães,Brazil,Scotland,90.0,8.1,0.0,0.0,0.0673,0.0206011
3,GROUP_MD3,Grup 3. Maçları,3-5-2,D3,D,2,15186732,1638685,Mateo Chávez,Mexico,Czechia,78.0,8.1,1.0,0.0,0.4262,0.0221911
3,GROUP_MD3,Grup 3. Maçları,3-5-2,M1,M,3,15186537,818244,Ousmane Dembélé,France,Norway,65.0,10.0,3.0,0.0,0.2915,0.0933236
3,GROUP_MD3,Grup 3. Maçları,3-5-2,M2,M,3,15186771,879694,Pape Gueye,Senegal,Iraq,33.0,9.9,2.0,1.0,0.3308,0.0847439
3,GROUP_MD3,Grup 3. Maçları,3-5-2,M3,M,3,15186676,991011,Jude Bellingham,England,Panama,71.0,9.3,1.0,1.0,0.1181,0.57002
3,GROUP_MD3,Grup 3. Maçları,3-5-2,M4,M,3,15186747,158213,Riyad Mahrez,Algeria,Austria,90.0,9.0,2.0,0.0,0.7523,0.0524448
3,GROUP_MD3,Grup 3. Maçları,3-5-2,M5,M,3,15186822,70996,Kevin De Bruyne,Belgium,New Zealand,72.0,9.0,1.0,0.0,0.512,0.520753
3,GROUP_MD3,Grup 3. Maçları,3-5-2,F1,F,4,15186861,868812,Vinícius Júnior,Brazil,Scotland,90.0,9.3,2.0,0.0,3.0562,0.511597
3,GROUP_MD3,Grup 3. Maçları,3-5-2,F2,F,4,15186771,914309,Iliman Ndiaye,Senegal,Iraq,33.0,8.7,1.0,1.0,0.1158,0.170397
3,GROUP_MD3,Grup 3. Maçları,4-2-3-1,G1,G,1,15186821,556866,Gregor Kobel,Switzerland,Canada,90.0,8.9,0.0,0.0,0.0,0.0009527
3,GROUP_MD3,Grup 3. Maçları,4-2-3-1,D1,D,2,15186973,962012,Jan Paul van Hecke,Netherlands,Tunisia,90.0,9.1,1.0,0.0,0.122,0.216196
3,GROUP_MD3,Grup 3. Maçları,4-2-3-1,D2,D,2,15186861,869792,Gabriel Magalhães,Brazil,Scotland,90.0,8.1,0.0,0.0,0.0673,0.0206011
3,GROUP_MD3,Grup 3. Maçları,4-2-3-1,D3,D,2,15186732,1638685,Mateo Chávez,Mexico,Czechia,78.0,8.1,1.0,0.0,0.4262,0.0221911
3,GROUP_MD3,Grup 3. Maçları,4-2-3-1,D4,D,2,15186973,151545,Virgil van Dijk,Netherlands,Tunisia,90.0,8.0,0.0,1.0,0.0365,0.0709055
3,GROUP_MD3,Grup 3. Maçları,4-2-3-1,M1,M,3,15186537,818244,Ousmane Dembélé,France,Norway,65.0,10.0,3.0,0.0,0.2915,0.0933236
3,GROUP_MD3,Grup 3. Maçları,4-2-3-1,M2,M,3,15186771,879694,Pape Gueye,Senegal,Iraq,33.0,9.9,2.0,1.0,0.3308,0.0847439
3,GROUP_MD3,Grup 3. Maçları,4-2-3-1,M3,M,3,15186676,991011,Jude Bellingham,England,Panama,71.0,9.3,1.0,1.0,0.1181,0.57002
3,GROUP_MD3,Grup 3. Maçları,4-2-3-1,M4,M,3,15186747,158213,Riyad Mahrez,Algeria,Austria,90.0,9.0,2.0,0.0,0.7523,0.0524448
3,GROUP_MD3,Grup 3. Maçları,4-2-3-1,M5,M,3,15186822,70996,Kevin De Bruyne,Belgium,New Zealand,72.0,9.0,1.0,0.0,0.512,0.520753
3,GROUP_MD3,Grup 3. Maçları,4-2-3-1,F1,F,4,15186861,868812,Vinícius Júnior,Brazil,Scotland,90.0,9.3,2.0,0.0,3.0562,0.511597
3,GROUP_MD3,Grup 3. Maçları,4-3-3,G1,G,1,15186821,556866,Gregor Kobel,Switzerland,Canada,90.0,8.9,0.0,0.0,0.0,0.0009527
3,GROUP_MD3,Grup 3. Maçları,4-3-3,D1,D,2,15186973,962012,Jan Paul van Hecke,Netherlands,Tunisia,90.0,9.1,1.0,0.0,0.122,0.216196
3,GROUP_MD3,Grup 3. Maçları,4-3-3,D2,D,2,15186861,869792,Gabriel Magalhães,Brazil,Scotland,90.0,8.1,0.0,0.0,0.0673,0.0206011
3,GROUP_MD3,Grup 3. Maçları,4-3-3,D3,D,2,15186732,1638685,Mateo Chávez,Mexico,Czechia,78.0,8.1,1.0,0.0,0.4262,0.0221911
3,GROUP_MD3,Grup 3. Maçları,4-3-3,D4,D,2,15186973,151545,Virgil van Dijk,Netherlands,Tunisia,90.0,8.0,0.0,1.0,0.0365,0.0709055
3,GROUP_MD3,Grup 3. Maçları,4-3-3,M1,M,3,15186537,818244,Ousmane Dembélé,France,Norway,65.0,10.0,3.0,0.0,0.2915,0.0933236
3,GROUP_MD3,Grup 3. Maçları,4-3-3,M2,M,3,15186771,879694,Pape Gueye,Senegal,Iraq,33.0,9.9,2.0,1.0,0.3308,0.0847439
3,GROUP_MD3,Grup 3. Maçları,4-3-3,M3,M,3,15186676,991011,Jude Bellingham,England,Panama,71.0,9.3,1.0,1.0,0.1181,0.57002
3,GROUP_MD3,Grup 3. Maçları,4-3-3,F1,F,4,15186861,868812,Vinícius Júnior,Brazil,Scotland,90.0,9.3,2.0,0.0,3.0562,0.511597
3,GROUP_MD3,Grup 3. Maçları,4-3-3,F2,F,4,15186771,914309,Iliman Ndiaye,Senegal,Iraq,33.0,8.7,1.0,1.0,0.1158,0.170397
3,GROUP_MD3,Grup 3. Maçları,4-3-3,F3,F,4,15186887,1091116,Arda Güler,Türkiye,USA,90.0,8.6,1.0,0.0,0.6144,0.0798653
3,GROUP_MD3,Grup 3. Maçları,4-4-2,G1,G,1,15186821,556866,Gregor Kobel,Switzerland,Canada,90.0,8.9,0.0,0.0,0.0,0.0009527
3,GROUP_MD3,Grup 3. Maçları,4-4-2,D1,D,2,15186973,962012,Jan Paul van Hecke,Netherlands,Tunisia,90.0,9.1,1.0,0.0,0.122,0.216196
3,GROUP_MD3,Grup 3. Maçları,4-4-2,D2,D,2,15186861,869792,Gabriel Magalhães,Brazil,Scotland,90.0,8.1,0.0,0.0,0.0673,0.0206011
3,GROUP_MD3,Grup 3. Maçları,4-4-2,D3,D,2,15186732,1638685,Mateo Chávez,Mexico,Czechia,78.0,8.1,1.0,0.0,0.4262,0.0221911
3,GROUP_MD3,Grup 3. Maçları,4-4-2,D4,D,2,15186973,151545,Virgil van Dijk,Netherlands,Tunisia,90.0,8.0,0.0,1.0,0.0365,0.0709055
3,GROUP_MD3,Grup 3. Maçları,4-4-2,M1,M,3,15186537,818244,Ousmane Dembélé,France,Norway,65.0,10.0,3.0,0.0,0.2915,0.0933236
3,GROUP_MD3,Grup 3. Maçları,4-4-2,M2,M,3,15186771,879694,Pape Gueye,Senegal,Iraq,33.0,9.9,2.0,1.0,0.3308,0.0847439
3,GROUP_MD3,Grup 3. Maçları,4-4-2,M3,M,3,15186676,991011,Jude Bellingham,England,Panama,71.0,9.3,1.0,1.0,0.1181,0.57002
3,GROUP_MD3,Grup 3. Maçları,4-4-2,M4,M,3,15186747,158213,Riyad Mahrez,Algeria,Austria,90.0,9.0,2.0,0.0,0.7523,0.0524448
3,GROUP_MD3,Grup 3. Maçları,4-4-2,F1,F,4,15186861,868812,Vinícius Júnior,Brazil,Scotland,90.0,9.3,2.0,0.0,3.0562,0.511597
3,GROUP_MD3,Grup 3. Maçları,4-4-2,F2,F,4,15186771,914309,Iliman Ndiaye,Senegal,Iraq,33.0,8.7,1.0,1.0,0.1158,0.170397
3,GROUP_MD3,Grup 3. Maçları,4-5-1,G1,G,1,15186821,556866,Gregor Kobel,Switzerland,Canada,90.0,8.9,0.0,0.0,0.0,0.0009527
3,GROUP_MD3,Grup 3. Maçları,4-5-1,D1,D,2,15186973,962012,Jan Paul van Hecke,Netherlands,Tunisia,90.0,9.1,1.0,0.0,0.122,0.216196
3,GROUP_MD3,Grup 3. Maçları,4-5-1,D2,D,2,15186861,869792,Gabriel Magalhães,Brazil,Scotland,90.0,8.1,0.0,0.0,0.0673,0.0206011
3,GROUP_MD3,Grup 3. Maçları,4-5-1,D3,D,2,15186732,1638685,Mateo Chávez,Mexico,Czechia,78.0,8.1,1.0,0.0,0.4262,0.0221911
3,GROUP_MD3,Grup 3. Maçları,4-5-1,D4,D,2,15186973,151545,Virgil van Dijk,Netherlands,Tunisia,90.0,8.0,0.0,1.0,0.0365,0.0709055
3,GROUP_MD3,Grup 3. Maçları,4-5-1,M1,M,3,15186537,818244,Ousmane Dembélé,France,Norway,65.0,10.0,3.0,0.0,0.2915,0.0933236
3,GROUP_MD3,Grup 3. Maçları,4-5-1,M2,M,3,15186771,879694,Pape Gueye,Senegal,Iraq,33.0,9.9,2.0,1.0,0.3308,0.0847439
3,GROUP_MD3,Grup 3. Maçları,4-5-1,M3,M,3,15186676,991011,Jude Bellingham,England,Panama,71.0,9.3,1.0,1.0,0.1181,0.57002
3,GROUP_MD3,Grup 3. Maçları,4-5-1,M4,M,3,15186747,158213,Riyad Mahrez,Algeria,Austria,90.0,9.0,2.0,0.0,0.7523,0.0524448
3,GROUP_MD3,Grup 3. Maçları,4-5-1,M5,M,3,15186822,70996,Kevin De Bruyne,Belgium,New Zealand,72.0,9.0,1.0,0.0,0.512,0.520753
3,GROUP_MD3,Grup 3. Maçları,4-5-1,F1,F,4,15186861,868812,Vinícius Júnior,Brazil,Scotland,90.0,9.3,2.0,0.0,3.0562,0.511597
3,GROUP_MD3,Grup 3. Maçları,5-3-2,G1,G,1,15186821,556866,Gregor Kobel,Switzerland,Canada,90.0,8.9,0.0,0.0,0.0,0.0009527
3,GROUP_MD3,Grup 3. Maçları,5-3-2,D1,D,2,15186973,962012,Jan Paul van Hecke,Netherlands,Tunisia,90.0,9.1,1.0,0.0,0.122,0.216196
3,GROUP_MD3,Grup 3. Maçları,5-3-2,D2,D,2,15186861,869792,Gabriel Magalhães,Brazil,Scotland,90.0,8.1,0.0,0.0,0.0673,0.0206011
3,GROUP_MD3,Grup 3. Maçları,5-3-2,D3,D,2,15186732,1638685,Mateo Chávez,Mexico,Czechia,78.0,8.1,1.0,0.0,0.4262,0.0221911
3,GROUP_MD3,Grup 3. Maçları,5-3-2,D4,D,2,15186973,151545,Virgil van Dijk,Netherlands,Tunisia,90.0,8.0,0.0,1.0,0.0365,0.0709055
3,GROUP_MD3,Grup 3. Maçları,5-3-2,D5,D,2,15186864,814594,Achraf Hakimi,Morocco,Haiti,90.0,7.9,1.0,1.0,1.3408,0.334138
3,GROUP_MD3,Grup 3. Maçları,5-3-2,M1,M,3,15186537,818244,Ousmane Dembélé,France,Norway,65.0,10.0,3.0,0.0,0.2915,0.0933236
3,GROUP_MD3,Grup 3. Maçları,5-3-2,M2,M,3,15186771,879694,Pape Gueye,Senegal,Iraq,33.0,9.9,2.0,1.0,0.3308,0.0847439
3,GROUP_MD3,Grup 3. Maçları,5-3-2,M3,M,3,15186676,991011,Jude Bellingham,England,Panama,71.0,9.3,1.0,1.0,0.1181,0.57002
3,GROUP_MD3,Grup 3. Maçları,5-3-2,F1,F,4,15186861,868812,Vinícius Júnior,Brazil,Scotland,90.0,9.3,2.0,0.0,3.0562,0.511597
3,GROUP_MD3,Grup 3. Maçları,5-3-2,F2,F,4,15186771,914309,Iliman Ndiaye,Senegal,Iraq,33.0,8.7,1.0,1.0,0.1158,0.170397
4,R32,Son 32,3-4-3,G1,G,1,12813014,991709,Orlando Gill,Paraguay,Germany,120.0,9.9,0.0,0.0,0.0,0.0050363
4,R32,Son 32,3-4-3,D1,D,2,12812999,859999,Lisandro Martínez,Argentina,Cabo Verde,120.0,9.2,1.0,1.0,0.0517,0.472376
4,R32,Son 32,3-4-3,D2,D,2,12813004,913654,Pedro Porro,Spain,Austria,90.0,8.4,1.0,0.0,0.5267,0.0979161
4,R32,Son 32,3-4-3,D3,D,2,12813004,794939,Marc Cucurella,Spain,Austria,90.0,8.3,0.0,2.0,0.0,0.368317
4,R32,Son 32,3-4-3,M1,M,3,12813000,886223,Stephen Eustaquio,Canada,South Africa,90.0,8.8,1.0,0.0,0.1148,0.608903
4,R32,Son 32,3-4-3,M2,M,3,12812995,978838,Michael Olise,France,Sweden,85.0,8.8,0.0,2.0,0.8643,0.773205
4,R32,Son 32,3-4-3,M3,M,3,12813013,331737,Youri Tielemans,Belgium,Senegal,120.0,8.6,2.0,0.0,0.9831,0.032054
4,R32,Son 32,3-4-3,M4,M,3,12813011,1174889,Gustavo Puerta,Colombia,Ghana,90.0,8.4,0.0,0.0,0.0493,0.224779
4,R32,Son 32,3-4-3,F1,F,4,12812995,826643,Kylian Mbappé,France,Sweden,85.0,9.8,2.0,0.0,0.5974,0.0984948
4,R32,Son 32,3-4-3,F2,F,4,12812999,12994,Lionel Messi,Argentina,Cabo Verde,120.0,9.5,1.0,0.0,1.326,0.714547
4,R32,Son 32,3-4-3,F3,F,4,12812989,971037,Amad Diallo,Côte d'Ivoire,Norway,30.0,9.5,1.0,0.0,0.2324,0.246963
4,R32,Son 32,3-5-2,G1,G,1,12813014,991709,Orlando Gill,Paraguay,Germany,120.0,9.9,0.0,0.0,0.0,0.0050363
4,R32,Son 32,3-5-2,D1,D,2,12812999,859999,Lisandro Martínez,Argentina,Cabo Verde,120.0,9.2,1.0,1.0,0.0517,0.472376
4,R32,Son 32,3-5-2,D2,D,2,12813004,913654,Pedro Porro,Spain,Austria,90.0,8.4,1.0,0.0,0.5267,0.0979161
4,R32,Son 32,3-5-2,D3,D,2,12813004,794939,Marc Cucurella,Spain,Austria,90.0,8.3,0.0,2.0,0.0,0.368317
4,R32,Son 32,3-5-2,M1,M,3,12813000,886223,Stephen Eustaquio,Canada,South Africa,90.0,8.8,1.0,0.0,0.1148,0.608903
4,R32,Son 32,3-5-2,M2,M,3,12812995,978838,Michael Olise,France,Sweden,85.0,8.8,0.0,2.0,0.8643,0.773205
4,R32,Son 32,3-5-2,M3,M,3,12813013,331737,Youri Tielemans,Belgium,Senegal,120.0,8.6,2.0,0.0,0.9831,0.032054
4,R32,Son 32,3-5-2,M4,M,3,12813011,1174889,Gustavo Puerta,Colombia,Ghana,90.0,8.4,0.0,0.0,0.0493,0.224779
4,R32,Son 32,3-5-2,M5,M,3,12813014,1019322,Florian Wirtz,Germany,Paraguay,110.0,8.3,0.0,1.0,0.0711,0.674857
4,R32,Son 32,3-5-2,F1,F,4,12812995,826643,Kylian Mbappé,France,Sweden,85.0,9.8,2.0,0.0,0.5974,0.0984948
4,R32,Son 32,3-5-2,F2,F,4,12812999,12994,Lionel Messi,Argentina,Cabo Verde,120.0,9.5,1.0,0.0,1.326,0.714547
4,R32,Son 32,4-2-3-1,G1,G,1,12813014,991709,Orlando Gill,Paraguay,Germany,120.0,9.9,0.0,0.0,0.0,0.0050363
4,R32,Son 32,4-2-3-1,D1,D,2,12812999,859999,Lisandro Martínez,Argentina,Cabo Verde,120.0,9.2,1.0,1.0,0.0517,0.472376
4,R32,Son 32,4-2-3-1,D2,D,2,12813004,913654,Pedro Porro,Spain,Austria,90.0,8.4,1.0,0.0,0.5267,0.0979161
4,R32,Son 32,4-2-3-1,D3,D,2,12813004,794939,Marc Cucurella,Spain,Austria,90.0,8.3,0.0,2.0,0.0,0.368317
4,R32,Son 32,4-2-3-1,D4,D,2,12813014,259117,Joshua Kimmich,Germany,Paraguay,120.0,8.0,0.0,0.0,0.1171,0.113682
4,R32,Son 32,4-2-3-1,M1,M,3,12813000,886223,Stephen Eustaquio,Canada,South Africa,90.0,8.8,1.0,0.0,0.1148,0.608903
4,R32,Son 32,4-2-3-1,M2,M,3,12812995,978838,Michael Olise,France,Sweden,85.0,8.8,0.0,2.0,0.8643,0.773205
4,R32,Son 32,4-2-3-1,M3,M,3,12813013,331737,Youri Tielemans,Belgium,Senegal,120.0,8.6,2.0,0.0,0.9831,0.032054
4,R32,Son 32,4-2-3-1,M4,M,3,12813011,1174889,Gustavo Puerta,Colombia,Ghana,90.0,8.4,0.0,0.0,0.0493,0.224779
4,R32,Son 32,4-2-3-1,M5,M,3,12813014,1019322,Florian Wirtz,Germany,Paraguay,110.0,8.3,0.0,1.0,0.0711,0.674857
4,R32,Son 32,4-2-3-1,F1,F,4,12812995,826643,Kylian Mbappé,France,Sweden,85.0,9.8,2.0,0.0,0.5974,0.0984948
4,R32,Son 32,4-3-3,G1,G,1,12813014,991709,Orlando Gill,Paraguay,Germany,120.0,9.9,0.0,0.0,0.0,0.0050363
4,R32,Son 32,4-3-3,D1,D,2,12812999,859999,Lisandro Martínez,Argentina,Cabo Verde,120.0,9.2,1.0,1.0,0.0517,0.472376
4,R32,Son 32,4-3-3,D2,D,2,12813004,913654,Pedro Porro,Spain,Austria,90.0,8.4,1.0,0.0,0.5267,0.0979161
4,R32,Son 32,4-3-3,D3,D,2,12813004,794939,Marc Cucurella,Spain,Austria,90.0,8.3,0.0,2.0,0.0,0.368317
4,R32,Son 32,4-3-3,D4,D,2,12813014,259117,Joshua Kimmich,Germany,Paraguay,120.0,8.0,0.0,0.0,0.1171,0.113682
4,R32,Son 32,4-3-3,M1,M,3,12813000,886223,Stephen Eustaquio,Canada,South Africa,90.0,8.8,1.0,0.0,0.1148,0.608903
4,R32,Son 32,4-3-3,M2,M,3,12812995,978838,Michael Olise,France,Sweden,85.0,8.8,0.0,2.0,0.8643,0.773205
4,R32,Son 32,4-3-3,M3,M,3,12813013,331737,Youri Tielemans,Belgium,Senegal,120.0,8.6,2.0,0.0,0.9831,0.032054
4,R32,Son 32,4-3-3,F1,F,4,12812995,826643,Kylian Mbappé,France,Sweden,85.0,9.8,2.0,0.0,0.5974,0.0984948
4,R32,Son 32,4-3-3,F2,F,4,12812999,12994,Lionel Messi,Argentina,Cabo Verde,120.0,9.5,1.0,0.0,1.326,0.714547
4,R32,Son 32,4-3-3,F3,F,4,12812989,971037,Amad Diallo,Côte d'Ivoire,Norway,30.0,9.5,1.0,0.0,0.2324,0.246963
4,R32,Son 32,4-4-2,G1,G,1,12813014,991709,Orlando Gill,Paraguay,Germany,120.0,9.9,0.0,0.0,0.0,0.0050363
4,R32,Son 32,4-4-2,D1,D,2,12812999,859999,Lisandro Martínez,Argentina,Cabo Verde,120.0,9.2,1.0,1.0,0.0517,0.472376
4,R32,Son 32,4-4-2,D2,D,2,12813004,913654,Pedro Porro,Spain,Austria,90.0,8.4,1.0,0.0,0.5267,0.0979161
4,R32,Son 32,4-4-2,D3,D,2,12813004,794939,Marc Cucurella,Spain,Austria,90.0,8.3,0.0,2.0,0.0,0.368317
4,R32,Son 32,4-4-2,D4,D,2,12813014,259117,Joshua Kimmich,Germany,Paraguay,120.0,8.0,0.0,0.0,0.1171,0.113682
4,R32,Son 32,4-4-2,M1,M,3,12813000,886223,Stephen Eustaquio,Canada,South Africa,90.0,8.8,1.0,0.0,0.1148,0.608903
4,R32,Son 32,4-4-2,M2,M,3,12812995,978838,Michael Olise,France,Sweden,85.0,8.8,0.0,2.0,0.8643,0.773205
4,R32,Son 32,4-4-2,M3,M,3,12813013,331737,Youri Tielemans,Belgium,Senegal,120.0,8.6,2.0,0.0,0.9831,0.032054
4,R32,Son 32,4-4-2,M4,M,3,12813011,1174889,Gustavo Puerta,Colombia,Ghana,90.0,8.4,0.0,0.0,0.0493,0.224779
4,R32,Son 32,4-4-2,F1,F,4,12812995,826643,Kylian Mbappé,France,Sweden,85.0,9.8,2.0,0.0,0.5974,0.0984948
4,R32,Son 32,4-4-2,F2,F,4,12812999,12994,Lionel Messi,Argentina,Cabo Verde,120.0,9.5,1.0,0.0,1.326,0.714547
4,R32,Son 32,4-5-1,G1,G,1,12813014,991709,Orlando Gill,Paraguay,Germany,120.0,9.9,0.0,0.0,0.0,0.0050363
4,R32,Son 32,4-5-1,D1,D,2,12812999,859999,Lisandro Martínez,Argentina,Cabo Verde,120.0,9.2,1.0,1.0,0.0517,0.472376
4,R32,Son 32,4-5-1,D2,D,2,12813004,913654,Pedro Porro,Spain,Austria,90.0,8.4,1.0,0.0,0.5267,0.0979161
4,R32,Son 32,4-5-1,D3,D,2,12813004,794939,Marc Cucurella,Spain,Austria,90.0,8.3,0.0,2.0,0.0,0.368317
4,R32,Son 32,4-5-1,D4,D,2,12813014,259117,Joshua Kimmich,Germany,Paraguay,120.0,8.0,0.0,0.0,0.1171,0.113682
4,R32,Son 32,4-5-1,M1,M,3,12813000,886223,Stephen Eustaquio,Canada,South Africa,90.0,8.8,1.0,0.0,0.1148,0.608903
4,R32,Son 32,4-5-1,M2,M,3,12812995,978838,Michael Olise,France,Sweden,85.0,8.8,0.0,2.0,0.8643,0.773205
4,R32,Son 32,4-5-1,M3,M,3,12813013,331737,Youri Tielemans,Belgium,Senegal,120.0,8.6,2.0,0.0,0.9831,0.032054
4,R32,Son 32,4-5-1,M4,M,3,12813011,1174889,Gustavo Puerta,Colombia,Ghana,90.0,8.4,0.0,0.0,0.0493,0.224779
4,R32,Son 32,4-5-1,M5,M,3,12813014,1019322,Florian Wirtz,Germany,Paraguay,110.0,8.3,0.0,1.0,0.0711,0.674857
4,R32,Son 32,4-5-1,F1,F,4,12812995,826643,Kylian Mbappé,France,Sweden,85.0,9.8,2.0,0.0,0.5974,0.0984948
4,R32,Son 32,5-3-2,G1,G,1,12813014,991709,Orlando Gill,Paraguay,Germany,120.0,9.9,0.0,0.0,0.0,0.0050363
4,R32,Son 32,5-3-2,D1,D,2,12812999,859999,Lisandro Martínez,Argentina,Cabo Verde,120.0,9.2,1.0,1.0,0.0517,0.472376
4,R32,Son 32,5-3-2,D2,D,2,12813004,913654,Pedro Porro,Spain,Austria,90.0,8.4,1.0,0.0,0.5267,0.0979161
4,R32,Son 32,5-3-2,D3,D,2,12813004,794939,Marc Cucurella,Spain,Austria,90.0,8.3,0.0,2.0,0.0,0.368317
4,R32,Son 32,5-3-2,D4,D,2,12813014,259117,Joshua Kimmich,Germany,Paraguay,120.0,8.0,0.0,0.0,0.1171,0.113682
4,R32,Son 32,5-3-2,D5,D,2,12813014,877452,José Canale,Paraguay,Germany,120.0,8.0,0.0,0.0,0.0,0.0002266
4,R32,Son 32,5-3-2,M1,M,3,12813000,886223,Stephen Eustaquio,Canada,South Africa,90.0,8.8,1.0,0.0,0.1148,0.608903
4,R32,Son 32,5-3-2,M2,M,3,12812995,978838,Michael Olise,France,Sweden,85.0,8.8,0.0,2.0,0.8643,0.773205
4,R32,Son 32,5-3-2,M3,M,3,12813013,331737,Youri Tielemans,Belgium,Senegal,120.0,8.6,2.0,0.0,0.9831,0.032054
4,R32,Son 32,5-3-2,F1,F,4,12812995,826643,Kylian Mbappé,France,Sweden,85.0,9.8,2.0,0.0,0.5974,0.0984948
4,R32,Son 32,5-3-2,F2,F,4,12812999,12994,Lionel Messi,Argentina,Cabo Verde,120.0,9.5,1.0,0.0,1.326,0.714547
5,R16,Son 16,3-4-3,G1,G,1,12812991,556866,Gregor Kobel,Switzerland,Colombia,120.0,9.3,0.0,0.0,0.0,0.00047486
5,R16,Son 16,3-4-3,D1,D,2,12813009,847030,Noussair Mazraoui,Morocco,Canada,90.0,7.9,0.0,0.0,0.0,0.0034874
5,R16,Son 16,3-4-3,D2,D,2,12812993,829932,Cristian Romero,Argentina,Egypt,89.0,7.7,1.0,0.0,0.3505,0.0187007
5,R16,Son 16,3-4-3,D3,D,2,12812991,344847,Johan Mojica,Colombia,Switzerland,120.0,7.6,0.0,0.0,0.0,0.0315909
5,R16,Son 16,3-4-3,M1,M,3,12813007,991011,Jude Bellingham,England,Mexico,90.0,9.0,2.0,0.0,0.7287,0.0520839
5,R16,Son 16,3-4-3,M2,M,3,12813009,991421,Azzedine Ounahi,Morocco,Canada,87.0,9.0,2.0,0.0,0.2355,0.0656051
5,R16,Son 16,3-4-3,M3,M,3,12812993,255389,Leandro Paredes,Argentina,Egypt,90.0,8.3,0.0,0.0,0.0273,0.210305
5,R16,Son 16,3-4-3,M4,M,3,12812991,117777,Granit Xhaka,Switzerland,Colombia,120.0,8.0,0.0,0.0,0.0446,0.0651359
5,R16,Son 16,3-4-3,F1,F,4,12812993,12994,Lionel Messi,Argentina,Egypt,90.0,9.3,1.0,1.0,1.0079,0.971993
5,R16,Son 16,3-4-3,F2,F,4,12813006,839956,Erling Haaland,Norway,Brazil,90.0,9.1,2.0,0.0,0.4674,0.0742239
5,R16,Son 16,3-4-3,F3,F,4,12813002,960441,Charles De Ketelaere,Belgium,USA,67.0,8.5,2.0,1.0,1.113,0.0160735
5,R16,Son 16,3-5-2,G1,G,1,12812991,556866,Gregor Kobel,Switzerland,Colombia,120.0,9.3,0.0,0.0,0.0,0.00047486
5,R16,Son 16,3-5-2,D1,D,2,12813009,847030,Noussair Mazraoui,Morocco,Canada,90.0,7.9,0.0,0.0,0.0,0.0034874
5,R16,Son 16,3-5-2,D2,D,2,12812993,829932,Cristian Romero,Argentina,Egypt,89.0,7.7,1.0,0.0,0.3505,0.0187007
5,R16,Son 16,3-5-2,D3,D,2,12812991,344847,Johan Mojica,Colombia,Switzerland,120.0,7.6,0.0,0.0,0.0,0.0315909
5,R16,Son 16,3-5-2,M1,M,3,12813007,991011,Jude Bellingham,England,Mexico,90.0,9.0,2.0,0.0,0.7287,0.0520839
5,R16,Son 16,3-5-2,M2,M,3,12813009,991421,Azzedine Ounahi,Morocco,Canada,87.0,9.0,2.0,0.0,0.2355,0.0656051
5,R16,Son 16,3-5-2,M3,M,3,12812993,255389,Leandro Paredes,Argentina,Egypt,90.0,8.3,0.0,0.0,0.0273,0.210305
5,R16,Son 16,3-5-2,M4,M,3,12812991,117777,Granit Xhaka,Switzerland,Colombia,120.0,8.0,0.0,0.0,0.0446,0.0651359
5,R16,Son 16,3-5-2,M5,M,3,12812993,974505,Enzo Fernández,Argentina,Egypt,90.0,8.0,1.0,0.0,0.2528,0.558711
5,R16,Son 16,3-5-2,F1,F,4,12812993,12994,Lionel Messi,Argentina,Egypt,90.0,9.3,1.0,1.0,1.0079,0.971993
5,R16,Son 16,3-5-2,F2,F,4,12813006,839956,Erling Haaland,Norway,Brazil,90.0,9.1,2.0,0.0,0.4674,0.0742239
5,R16,Son 16,4-2-3-1,G1,G,1,12812991,556866,Gregor Kobel,Switzerland,Colombia,120.0,9.3,0.0,0.0,0.0,0.00047486
5,R16,Son 16,4-2-3-1,D1,D,2,12813009,847030,Noussair Mazraoui,Morocco,Canada,90.0,7.9,0.0,0.0,0.0,0.0034874
5,R16,Son 16,4-2-3-1,D2,D,2,12812993,829932,Cristian Romero,Argentina,Egypt,89.0,7.7,1.0,0.0,0.3505,0.0187007
5,R16,Son 16,4-2-3-1,D3,D,2,12812991,344847,Johan Mojica,Colombia,Switzerland,120.0,7.6,0.0,0.0,0.0,0.0315909
5,R16,Son 16,4-2-3-1,D4,D,2,12813010,798583,Dayot Upamecano,France,Paraguay,90.0,7.5,0.0,0.0,0.0,0.0543508
5,R16,Son 16,4-2-3-1,M1,M,3,12813007,991011,Jude Bellingham,England,Mexico,90.0,9.0,2.0,0.0,0.7287,0.0520839
5,R16,Son 16,4-2-3-1,M2,M,3,12813009,991421,Azzedine Ounahi,Morocco,Canada,87.0,9.0,2.0,0.0,0.2355,0.0656051
5,R16,Son 16,4-2-3-1,M3,M,3,12812993,255389,Leandro Paredes,Argentina,Egypt,90.0,8.3,0.0,0.0,0.0273,0.210305
5,R16,Son 16,4-2-3-1,M4,M,3,12812991,117777,Granit Xhaka,Switzerland,Colombia,120.0,8.0,0.0,0.0,0.0446,0.0651359
5,R16,Son 16,4-2-3-1,M5,M,3,12812993,974505,Enzo Fernández,Argentina,Egypt,90.0,8.0,1.0,0.0,0.2528,0.558711
5,R16,Son 16,4-2-3-1,F1,F,4,12812993,12994,Lionel Messi,Argentina,Egypt,90.0,9.3,1.0,1.0,1.0079,0.971993
5,R16,Son 16,4-3-3,G1,G,1,12812991,556866,Gregor Kobel,Switzerland,Colombia,120.0,9.3,0.0,0.0,0.0,0.00047486
5,R16,Son 16,4-3-3,D1,D,2,12813009,847030,Noussair Mazraoui,Morocco,Canada,90.0,7.9,0.0,0.0,0.0,0.0034874
5,R16,Son 16,4-3-3,D2,D,2,12812993,829932,Cristian Romero,Argentina,Egypt,89.0,7.7,1.0,0.0,0.3505,0.0187007
5,R16,Son 16,4-3-3,D3,D,2,12812991,344847,Johan Mojica,Colombia,Switzerland,120.0,7.6,0.0,0.0,0.0,0.0315909
5,R16,Son 16,4-3-3,D4,D,2,12813010,798583,Dayot Upamecano,France,Paraguay,90.0,7.5,0.0,0.0,0.0,0.0543508
5,R16,Son 16,4-3-3,M1,M,3,12813007,991011,Jude Bellingham,England,Mexico,90.0,9.0,2.0,0.0,0.7287,0.0520839
5,R16,Son 16,4-3-3,M2,M,3,12813009,991421,Azzedine Ounahi,Morocco,Canada,87.0,9.0,2.0,0.0,0.2355,0.0656051
5,R16,Son 16,4-3-3,M3,M,3,12812993,255389,Leandro Paredes,Argentina,Egypt,90.0,8.3,0.0,0.0,0.0273,0.210305
5,R16,Son 16,4-3-3,F1,F,4,12812993,12994,Lionel Messi,Argentina,Egypt,90.0,9.3,1.0,1.0,1.0079,0.971993
5,R16,Son 16,4-3-3,F2,F,4,12813006,839956,Erling Haaland,Norway,Brazil,90.0,9.1,2.0,0.0,0.4674,0.0742239
5,R16,Son 16,4-3-3,F3,F,4,12813002,960441,Charles De Ketelaere,Belgium,USA,67.0,8.5,2.0,1.0,1.113,0.0160735
5,R16,Son 16,4-4-2,G1,G,1,12812991,556866,Gregor Kobel,Switzerland,Colombia,120.0,9.3,0.0,0.0,0.0,0.00047486
5,R16,Son 16,4-4-2,D1,D,2,12813009,847030,Noussair Mazraoui,Morocco,Canada,90.0,7.9,0.0,0.0,0.0,0.0034874
5,R16,Son 16,4-4-2,D2,D,2,12812993,829932,Cristian Romero,Argentina,Egypt,89.0,7.7,1.0,0.0,0.3505,0.0187007
5,R16,Son 16,4-4-2,D3,D,2,12812991,344847,Johan Mojica,Colombia,Switzerland,120.0,7.6,0.0,0.0,0.0,0.0315909
5,R16,Son 16,4-4-2,D4,D,2,12813010,798583,Dayot Upamecano,France,Paraguay,90.0,7.5,0.0,0.0,0.0,0.0543508
5,R16,Son 16,4-4-2,M1,M,3,12813007,991011,Jude Bellingham,England,Mexico,90.0,9.0,2.0,0.0,0.7287,0.0520839
5,R16,Son 16,4-4-2,M2,M,3,12813009,991421,Azzedine Ounahi,Morocco,Canada,87.0,9.0,2.0,0.0,0.2355,0.0656051
5,R16,Son 16,4-4-2,M3,M,3,12812993,255389,Leandro Paredes,Argentina,Egypt,90.0,8.3,0.0,0.0,0.0273,0.210305
5,R16,Son 16,4-4-2,M4,M,3,12812991,117777,Granit Xhaka,Switzerland,Colombia,120.0,8.0,0.0,0.0,0.0446,0.0651359
5,R16,Son 16,4-4-2,F1,F,4,12812993,12994,Lionel Messi,Argentina,Egypt,90.0,9.3,1.0,1.0,1.0079,0.971993
5,R16,Son 16,4-4-2,F2,F,4,12813006,839956,Erling Haaland,Norway,Brazil,90.0,9.1,2.0,0.0,0.4674,0.0742239
5,R16,Son 16,4-5-1,G1,G,1,12812991,556866,Gregor Kobel,Switzerland,Colombia,120.0,9.3,0.0,0.0,0.0,0.00047486
5,R16,Son 16,4-5-1,D1,D,2,12813009,847030,Noussair Mazraoui,Morocco,Canada,90.0,7.9,0.0,0.0,0.0,0.0034874
5,R16,Son 16,4-5-1,D2,D,2,12812993,829932,Cristian Romero,Argentina,Egypt,89.0,7.7,1.0,0.0,0.3505,0.0187007
5,R16,Son 16,4-5-1,D3,D,2,12812991,344847,Johan Mojica,Colombia,Switzerland,120.0,7.6,0.0,0.0,0.0,0.0315909
5,R16,Son 16,4-5-1,D4,D,2,12813010,798583,Dayot Upamecano,France,Paraguay,90.0,7.5,0.0,0.0,0.0,0.0543508
5,R16,Son 16,4-5-1,M1,M,3,12813007,991011,Jude Bellingham,England,Mexico,90.0,9.0,2.0,0.0,0.7287,0.0520839
5,R16,Son 16,4-5-1,M2,M,3,12813009,991421,Azzedine Ounahi,Morocco,Canada,87.0,9.0,2.0,0.0,0.2355,0.0656051
5,R16,Son 16,4-5-1,M3,M,3,12812993,255389,Leandro Paredes,Argentina,Egypt,90.0,8.3,0.0,0.0,0.0273,0.210305
5,R16,Son 16,4-5-1,M4,M,3,12812991,117777,Granit Xhaka,Switzerland,Colombia,120.0,8.0,0.0,0.0,0.0446,0.0651359
5,R16,Son 16,4-5-1,M5,M,3,12812993,974505,Enzo Fernández,Argentina,Egypt,90.0,8.0,1.0,0.0,0.2528,0.558711
5,R16,Son 16,4-5-1,F1,F,4,12812993,12994,Lionel Messi,Argentina,Egypt,90.0,9.3,1.0,1.0,1.0079,0.971993
5,R16,Son 16,5-3-2,G1,G,1,12812991,556866,Gregor Kobel,Switzerland,Colombia,120.0,9.3,0.0,0.0,0.0,0.00047486
5,R16,Son 16,5-3-2,D1,D,2,12813009,847030,Noussair Mazraoui,Morocco,Canada,90.0,7.9,0.0,0.0,0.0,0.0034874
5,R16,Son 16,5-3-2,D2,D,2,12812993,829932,Cristian Romero,Argentina,Egypt,89.0,7.7,1.0,0.0,0.3505,0.0187007
5,R16,Son 16,5-3-2,D3,D,2,12812991,344847,Johan Mojica,Colombia,Switzerland,120.0,7.6,0.0,0.0,0.0,0.0315909
5,R16,Son 16,5-3-2,D4,D,2,12813010,798583,Dayot Upamecano,France,Paraguay,90.0,7.5,0.0,0.0,0.0,0.0543508
5,R16,Son 16,5-3-2,D5,D,2,12813009,825719,Issa Diop,Morocco,Canada,87.0,7.5,0.0,0.0,0.0,0.00155567
5,R16,Son 16,5-3-2,M1,M,3,12813007,991011,Jude Bellingham,England,Mexico,90.0,9.0,2.0,0.0,0.7287,0.0520839
5,R16,Son 16,5-3-2,M2,M,3,12813009,991421,Azzedine Ounahi,Morocco,Canada,87.0,9.0,2.0,0.0,0.2355,0.0656051
5,R16,Son 16,5-3-2,M3,M,3,12812993,255389,Leandro Paredes,Argentina,Egypt,90.0,8.3,0.0,0.0,0.0273,0.210305
5,R16,Son 16,5-3-2,F1,F,4,12812993,12994,Lionel Messi,Argentina,Egypt,90.0,9.3,1.0,1.0,1.0079,0.971993
5,R16,Son 16,5-3-2,F2,F,4,12813006,839956,Erling Haaland,Norway,Brazil,90.0,9.1,2.0,0.0,0.4674,0.0742239
6,QF,Çeyrek Final,3-4-3,G1,G,1,12813017,22209,Ørjan Nyland,Norway,England,120.0,8.1,0.0,0.0,0.0,0.004396
6,QF,Çeyrek Final,3-4-3,D1,D,2,12813017,945798,Djed Spence,England,Norway,34.0,7.8,0.0,0.0,0.131,0.00460975
6,QF,Çeyrek Final,3-4-3,D2,D,2,12813015,859999,Lisandro Martínez,Argentina,Switzerland,120.0,7.4,0.0,0.0,0.1193,0.0658815
6,QF,Çeyrek Final,3-4-3,D3,D,2,12813017,1142703,Nico O'Reilly,England,Norway,86.0,7.3,0.0,0.0,0.0,0.0553394
6,QF,Çeyrek Final,3-4-3,M1,M,3,12813016,818244,Ousmane Dembélé,France,Morocco,90.0,9.0,1.0,0.0,0.2468,0.731207
6,QF,Çeyrek Final,3-4-3,M2,M,3,12813017,991011,Jude Bellingham,England,Norway,111.0,8.4,2.0,0.0,0.5187,0.0122578
6,QF,Çeyrek Final,3-4-3,M3,M,3,12813016,978838,Michael Olise,France,Morocco,90.0,7.6,0.0,0.0,0.1729,0.125882
6,QF,Çeyrek Final,3-4-3,M4,M,3,12812994,827606,Rodri,Spain,Belgium,90.0,7.6,0.0,0.0,0.1286,0.308231
6,QF,Çeyrek Final,3-4-3,F1,F,4,12813015,12994,Lionel Messi,Argentina,Switzerland,120.0,9.1,0.0,1.0,0.2487,0.706361
6,QF,Çeyrek Final,3-4-3,F2,F,4,12813017,1100952,Andreas Schjelderup,Norway,England,68.0,8.1,1.0,0.0,0.0248,0.0261894
6,QF,Çeyrek Final,3-4-3,F3,F,4,12813016,826643,Kylian Mbappé,France,Morocco,77.0,7.7,1.0,1.0,1.3385,0.0460873
6,QF,Çeyrek Final,3-5-2,G1,G,1,12813017,22209,Ørjan Nyland,Norway,England,120.0,8.1,0.0,0.0,0.0,0.004396
6,QF,Çeyrek Final,3-5-2,D1,D,2,12813017,945798,Djed Spence,England,Norway,34.0,7.8,0.0,0.0,0.131,0.00460975
6,QF,Çeyrek Final,3-5-2,D2,D,2,12813015,859999,Lisandro Martínez,Argentina,Switzerland,120.0,7.4,0.0,0.0,0.1193,0.0658815
6,QF,Çeyrek Final,3-5-2,D3,D,2,12813017,1142703,Nico O'Reilly,England,Norway,86.0,7.3,0.0,0.0,0.0,0.0553394
6,QF,Çeyrek Final,3-5-2,M1,M,3,12813016,818244,Ousmane Dembélé,France,Morocco,90.0,9.0,1.0,0.0,0.2468,0.731207
6,QF,Çeyrek Final,3-5-2,M2,M,3,12813017,991011,Jude Bellingham,England,Norway,111.0,8.4,2.0,0.0,0.5187,0.0122578
6,QF,Çeyrek Final,3-5-2,M3,M,3,12813016,978838,Michael Olise,France,Morocco,90.0,7.6,0.0,0.0,0.1729,0.125882
6,QF,Çeyrek Final,3-5-2,M4,M,3,12812994,827606,Rodri,Spain,Belgium,90.0,7.6,0.0,0.0,0.1286,0.308231
6,QF,Çeyrek Final,3-5-2,M5,M,3,12813015,895324,Alexis Mac Allister,Argentina,Switzerland,120.0,7.5,1.0,0.0,0.6523,0.0547752
6,QF,Çeyrek Final,3-5-2,F1,F,4,12813015,12994,Lionel Messi,Argentina,Switzerland,120.0,9.1,0.0,1.0,0.2487,0.706361
6,QF,Çeyrek Final,3-5-2,F2,F,4,12813017,1100952,Andreas Schjelderup,Norway,England,68.0,8.1,1.0,0.0,0.0248,0.0261894
6,QF,Çeyrek Final,4-2-3-1,G1,G,1,12813017,22209,Ørjan Nyland,Norway,England,120.0,8.1,0.0,0.0,0.0,0.004396
6,QF,Çeyrek Final,4-2-3-1,D1,D,2,12813017,945798,Djed Spence,England,Norway,34.0,7.8,0.0,0.0,0.131,0.00460975
6,QF,Çeyrek Final,4-2-3-1,D2,D,2,12813015,859999,Lisandro Martínez,Argentina,Switzerland,120.0,7.4,0.0,0.0,0.1193,0.0658815
6,QF,Çeyrek Final,4-2-3-1,D3,D,2,12813017,1142703,Nico O'Reilly,England,Norway,86.0,7.3,0.0,0.0,0.0,0.0553394
6,QF,Çeyrek Final,4-2-3-1,D4,D,2,12813016,798583,Dayot Upamecano,France,Morocco,90.0,7.2,0.0,0.0,0.4441,0.0255418
6,QF,Çeyrek Final,4-2-3-1,M1,M,3,12813016,818244,Ousmane Dembélé,France,Morocco,90.0,9.0,1.0,0.0,0.2468,0.731207
6,QF,Çeyrek Final,4-2-3-1,M2,M,3,12813017,991011,Jude Bellingham,England,Norway,111.0,8.4,2.0,0.0,0.5187,0.0122578
6,QF,Çeyrek Final,4-2-3-1,M3,M,3,12813016,978838,Michael Olise,France,Morocco,90.0,7.6,0.0,0.0,0.1729,0.125882
6,QF,Çeyrek Final,4-2-3-1,M4,M,3,12812994,827606,Rodri,Spain,Belgium,90.0,7.6,0.0,0.0,0.1286,0.308231
6,QF,Çeyrek Final,4-2-3-1,M5,M,3,12813015,895324,Alexis Mac Allister,Argentina,Switzerland,120.0,7.5,1.0,0.0,0.6523,0.0547752
6,QF,Çeyrek Final,4-2-3-1,F1,F,4,12813015,12994,Lionel Messi,Argentina,Switzerland,120.0,9.1,0.0,1.0,0.2487,0.706361
6,QF,Çeyrek Final,4-3-3,G1,G,1,12813017,22209,Ørjan Nyland,Norway,England,120.0,8.1,0.0,0.0,0.0,0.004396
6,QF,Çeyrek Final,4-3-3,D1,D,2,12813017,945798,Djed Spence,England,Norway,34.0,7.8,0.0,0.0,0.131,0.00460975
6,QF,Çeyrek Final,4-3-3,D2,D,2,12813015,859999,Lisandro Martínez,Argentina,Switzerland,120.0,7.4,0.0,0.0,0.1193,0.0658815
6,QF,Çeyrek Final,4-3-3,D3,D,2,12813017,1142703,Nico O'Reilly,England,Norway,86.0,7.3,0.0,0.0,0.0,0.0553394
6,QF,Çeyrek Final,4-3-3,D4,D,2,12813016,798583,Dayot Upamecano,France,Morocco,90.0,7.2,0.0,0.0,0.4441,0.0255418
6,QF,Çeyrek Final,4-3-3,M1,M,3,12813016,818244,Ousmane Dembélé,France,Morocco,90.0,9.0,1.0,0.0,0.2468,0.731207
6,QF,Çeyrek Final,4-3-3,M2,M,3,12813017,991011,Jude Bellingham,England,Norway,111.0,8.4,2.0,0.0,0.5187,0.0122578
6,QF,Çeyrek Final,4-3-3,M3,M,3,12813016,978838,Michael Olise,France,Morocco,90.0,7.6,0.0,0.0,0.1729,0.125882
6,QF,Çeyrek Final,4-3-3,F1,F,4,12813015,12994,Lionel Messi,Argentina,Switzerland,120.0,9.1,0.0,1.0,0.2487,0.706361
6,QF,Çeyrek Final,4-3-3,F2,F,4,12813017,1100952,Andreas Schjelderup,Norway,England,68.0,8.1,1.0,0.0,0.0248,0.0261894
6,QF,Çeyrek Final,4-3-3,F3,F,4,12813016,826643,Kylian Mbappé,France,Morocco,77.0,7.7,1.0,1.0,1.3385,0.0460873
6,QF,Çeyrek Final,4-4-2,G1,G,1,12813017,22209,Ørjan Nyland,Norway,England,120.0,8.1,0.0,0.0,0.0,0.004396
6,QF,Çeyrek Final,4-4-2,D1,D,2,12813017,945798,Djed Spence,England,Norway,34.0,7.8,0.0,0.0,0.131,0.00460975
6,QF,Çeyrek Final,4-4-2,D2,D,2,12813015,859999,Lisandro Martínez,Argentina,Switzerland,120.0,7.4,0.0,0.0,0.1193,0.0658815
6,QF,Çeyrek Final,4-4-2,D3,D,2,12813017,1142703,Nico O'Reilly,England,Norway,86.0,7.3,0.0,0.0,0.0,0.0553394
6,QF,Çeyrek Final,4-4-2,D4,D,2,12813016,798583,Dayot Upamecano,France,Morocco,90.0,7.2,0.0,0.0,0.4441,0.0255418
6,QF,Çeyrek Final,4-4-2,M1,M,3,12813016,818244,Ousmane Dembélé,France,Morocco,90.0,9.0,1.0,0.0,0.2468,0.731207
6,QF,Çeyrek Final,4-4-2,M2,M,3,12813017,991011,Jude Bellingham,England,Norway,111.0,8.4,2.0,0.0,0.5187,0.0122578
6,QF,Çeyrek Final,4-4-2,M3,M,3,12813016,978838,Michael Olise,France,Morocco,90.0,7.6,0.0,0.0,0.1729,0.125882
6,QF,Çeyrek Final,4-4-2,M4,M,3,12812994,827606,Rodri,Spain,Belgium,90.0,7.6,0.0,0.0,0.1286,0.308231
6,QF,Çeyrek Final,4-4-2,F1,F,4,12813015,12994,Lionel Messi,Argentina,Switzerland,120.0,9.1,0.0,1.0,0.2487,0.706361
6,QF,Çeyrek Final,4-4-2,F2,F,4,12813017,1100952,Andreas Schjelderup,Norway,England,68.0,8.1,1.0,0.0,0.0248,0.0261894
6,QF,Çeyrek Final,4-5-1,G1,G,1,12813017,22209,Ørjan Nyland,Norway,England,120.0,8.1,0.0,0.0,0.0,0.004396
6,QF,Çeyrek Final,4-5-1,D1,D,2,12813017,945798,Djed Spence,England,Norway,34.0,7.8,0.0,0.0,0.131,0.00460975
6,QF,Çeyrek Final,4-5-1,D2,D,2,12813015,859999,Lisandro Martínez,Argentina,Switzerland,120.0,7.4,0.0,0.0,0.1193,0.0658815
6,QF,Çeyrek Final,4-5-1,D3,D,2,12813017,1142703,Nico O'Reilly,England,Norway,86.0,7.3,0.0,0.0,0.0,0.0553394
6,QF,Çeyrek Final,4-5-1,D4,D,2,12813016,798583,Dayot Upamecano,France,Morocco,90.0,7.2,0.0,0.0,0.4441,0.0255418
6,QF,Çeyrek Final,4-5-1,M1,M,3,12813016,818244,Ousmane Dembélé,France,Morocco,90.0,9.0,1.0,0.0,0.2468,0.731207
6,QF,Çeyrek Final,4-5-1,M2,M,3,12813017,991011,Jude Bellingham,England,Norway,111.0,8.4,2.0,0.0,0.5187,0.0122578
6,QF,Çeyrek Final,4-5-1,M3,M,3,12813016,978838,Michael Olise,France,Morocco,90.0,7.6,0.0,0.0,0.1729,0.125882
6,QF,Çeyrek Final,4-5-1,M4,M,3,12812994,827606,Rodri,Spain,Belgium,90.0,7.6,0.0,0.0,0.1286,0.308231
6,QF,Çeyrek Final,4-5-1,M5,M,3,12813015,895324,Alexis Mac Allister,Argentina,Switzerland,120.0,7.5,1.0,0.0,0.6523,0.0547752
6,QF,Çeyrek Final,4-5-1,F1,F,4,12813015,12994,Lionel Messi,Argentina,Switzerland,120.0,9.1,0.0,1.0,0.2487,0.706361
6,QF,Çeyrek Final,5-3-2,G1,G,1,12813017,22209,Ørjan Nyland,Norway,England,120.0,8.1,0.0,0.0,0.0,0.004396
6,QF,Çeyrek Final,5-3-2,D1,D,2,12813017,945798,Djed Spence,England,Norway,34.0,7.8,0.0,0.0,0.131,0.00460975
6,QF,Çeyrek Final,5-3-2,D2,D,2,12813015,859999,Lisandro Martínez,Argentina,Switzerland,120.0,7.4,0.0,0.0,0.1193,0.0658815
6,QF,Çeyrek Final,5-3-2,D3,D,2,12813017,1142703,Nico O'Reilly,England,Norway,86.0,7.3,0.0,0.0,0.0,0.0553394
6,QF,Çeyrek Final,5-3-2,D4,D,2,12813016,798583,Dayot Upamecano,France,Morocco,90.0,7.2,0.0,0.0,0.4441,0.0255418
6,QF,Çeyrek Final,5-3-2,D5,D,2,12812994,1402913,Pau Cubarsí,Spain,Belgium,90.0,7.1,0.0,0.0,0.0305,0.271933
6,QF,Çeyrek Final,5-3-2,M1,M,3,12813016,818244,Ousmane Dembélé,France,Morocco,90.0,9.0,1.0,0.0,0.2468,0.731207
6,QF,Çeyrek Final,5-3-2,M2,M,3,12813017,991011,Jude Bellingham,England,Norway,111.0,8.4,2.0,0.0,0.5187,0.0122578
6,QF,Çeyrek Final,5-3-2,M3,M,3,12813016,978838,Michael Olise,France,Morocco,90.0,7.6,0.0,0.0,0.1729,0.125882
6,QF,Çeyrek Final,5-3-2,F1,F,4,12813015,12994,Lionel Messi,Argentina,Switzerland,120.0,9.1,0.0,1.0,0.2487,0.706361
6,QF,Çeyrek Final,5-3-2,F2,F,4,12813017,1100952,Andreas Schjelderup,Norway,England,68.0,8.1,1.0,0.0,0.0248,0.0261894
